timestamp,is_cheating
2026-06-26 12:23:06,0
2026-06-26 12:23:07,0
2026-06-26 12:23:08,0
2026-06-26 12:23:09,0
2026-06-26 12:23:10,0
2026-06-26 12:23:11,0
2026-06-26 12:23:12,0
2026-06-26 12:23:13,0
2026-06-26 12:23:14,0
2026-06-26 12:23:15,0
2026-06-26 12:23:16,0
2026-06-26 12:23:17,0
2026-06-26 12:23:18,0
2026-06-26 12:23:19,0
2026-06-26 12:23:20,0
2026-06-26 12:23:21,0
2026-06-26 12:23:22,0
2026-06-26 12:23:23,0
2026-06-26 12:23:24,0
2026-06-26 12:23:25,0
2026-06-26 12:23:26,0
2026-06-26 12:23:27,0
2026-06-26 12:23:28,0
2026-06-26 12:23:29,0
2026-06-26 12:23:30,0
2026-06-26 12:23:31,0
2026-06-26 12:23:32,0
2026-06-26 12:23:33,0
2026-06-26 12:23:34,0
2026-06-26 12:23:35,0
2026-06-26 12:23:36,0
2026-06-26 12:23:37,0
2026-06-26 12:23:38,0
2026-06-26 12:23:39,0
2026-06-26 12:23:40,0
2026-06-26 12:23:41,0
2026-06-26 12:23:42,0
2026-06-26 12:23:43,0
2026-06-26 12:23:44,0
2026-06-26 12:23:45,0
2026-06-26 12:23:46,0
2026-06-26 12:23:47,0
2026-06-26 12:23:48,0
2026-06-26 12:23:49,0
2026-06-26 12:23:50,0
2026-06-26 12:23:51,0
2026-06-26 12:23:52,0
2026-06-26 12:23:53,0
2026-06-26 12:23:54,0
2026-06-26 12:23:55,0
2026-06-26 12:23:56,0
2026-06-26 12:23:57,0
2026-06-26 12:23:58,0
2026-06-26 12:23:59,0
2026-06-26 12:24:00,0
2026-06-26 12:24:01,0
2026-06-26 12:24:02,0
2026-06-26 12:24:03,0
2026-06-26 12:24:04,0
2026-06-26 12:24:05,0
2026-06-26 12:24:06,0
2026-06-26 12:24:07,0
2026-06-26 12:24:08,0
2026-06-26 12:24:09,0
2026-06-26 12:24:10,0
2026-06-26 12:24:11,0
2026-06-26 12:24:12,0
2026-06-26 12:24:13,0
2026-06-26 12:24:14,0
2026-06-26 12:24:15,0
2026-06-26 12:24:16,0
2026-06-26 12:24:17,0
2026-06-26 12:24:18,0
2026-06-26 12:24:19,0
2026-06-26 12:24:20,0
2026-06-26 12:24:21,0
2026-06-26 12:24:22,0
2026-06-26 12:24:23,0
2026-06-26 12:24:24,0
2026-06-26 12:24:25,0
2026-06-26 12:24:26,0
2026-06-26 12:24:27,0
2026-06-26 12:24:28,0
2026-06-26 12:24:29,0
2026-06-26 12:24:30,0
2026-06-26 12:24:31,0
2026-06-26 12:24:32,0
2026-06-26 12:24:33,0
2026-06-26 12:24:34,0
2026-06-26 12:24:35,0
2026-06-26 12:24:36,0
2026-06-26 12:24:37,0
2026-06-26 12:24:38,0
2026-06-26 12:24:39,0
2026-06-26 12:24:40,0
2026-06-26 12:24:41,0
2026-06-26 12:24:42,0
2026-06-26 12:24:43,0
2026-06-26 12:24:44,0
2026-06-26 12:24:45,0
2026-06-26 12:24:46,0
2026-06-26 12:24:47,0
2026-06-26 12:24:48,0
2026-06-26 12:24:49,0
2026-06-26 12:24:50,0
2026-06-26 12:24:51,0
2026-06-26 12:24:52,0
2026-06-26 12:24:53,0
2026-06-26 12:24:54,0
2026-06-26 12:24:55,0
2026-06-26 12:24:56,0
2026-06-26 12:24:57,0
2026-06-26 12:24:58,0
2026-06-26 12:24:59,0
2026-06-26 12:25:00,1
2026-06-26 12:25:01,1
2026-06-26 12:25:02,1
2026-06-26 12:25:03,1
2026-06-26 12:25:04,1
2026-06-26 12:25:05,1
2026-06-26 12:25:06,1
2026-06-26 12:25:07,1
2026-06-26 12:25:08,1
2026-06-26 12:25:09,1
2026-06-26 12:25:10,1
2026-06-26 12:25:11,1
2026-06-26 12:25:12,1
2026-06-26 12:25:13,1
2026-06-26 12:25:14,1
2026-06-26 12:25:15,1
2026-06-26 12:25:16,1
2026-06-26 12:25:17,1
2026-06-26 12:25:18,1
2026-06-26 12:25:19,1
2026-06-26 12:25:20,1
2026-06-26 12:25:21,1
2026-06-26 12:25:22,1
2026-06-26 12:25:23,1
2026-06-26 12:25:24,1
2026-06-26 12:25:25,1
2026-06-26 12:25:26,1
2026-06-26 12:25:27,1
2026-06-26 12:25:28,1
2026-06-26 12:25:29,1
2026-06-26 12:25:30,0
2026-06-26 12:25:31,0
2026-06-26 12:25:32,0
2026-06-26 12:25:33,0
2026-06-26 12:25:34,0
2026-06-26 12:25:35,0
2026-06-26 12:25:36,0
2026-06-26 12:25:37,0
2026-06-26 12:25:38,0
2026-06-26 12:25:39,0
2026-06-26 12:25:40,0
2026-06-26 12:25:41,0
2026-06-26 12:25:42,0
2026-06-26 12:25:43,0
2026-06-26 12:25:44,0
2026-06-26 12:25:45,0
2026-06-26 12:25:46,0
2026-06-26 12:25:47,0
2026-06-26 12:25:48,0
2026-06-26 12:25:49,0
2026-06-26 12:25:50,0
2026-06-26 12:25:51,0
2026-06-26 12:25:52,0
2026-06-26 12:25:53,0
2026-06-26 12:25:54,0
2026-06-26 12:25:55,0
2026-06-26 12:25:56,0
2026-06-26 12:25:57,0
2026-06-26 12:25:58,0
2026-06-26 12:25:59,0
2026-06-26 12:26:00,0
2026-06-26 12:26:01,0
2026-06-26 12:26:02,0
2026-06-26 12:26:03,0
2026-06-26 12:26:04,0
2026-06-26 12:26:05,0
2026-06-26 12:26:06,0
2026-06-26 12:26:07,0
2026-06-26 12:26:08,0
2026-06-26 12:26:09,0
2026-06-26 12:26:10,0
2026-06-26 12:26:11,0
2026-06-26 12:26:12,0
2026-06-26 12:26:13,0
2026-06-26 12:26:14,0
2026-06-26 12:26:15,0
2026-06-26 12:26:16,0
2026-06-26 12:26:17,0
2026-06-26 12:26:18,0
2026-06-26 12:26:19,0
2026-06-26 12:26:20,0
2026-06-26 12:26:21,0
2026-06-26 12:26:22,0
2026-06-26 12:26:23,0
2026-06-26 12:26:24,0
2026-06-26 12:26:25,0
2026-06-26 12:26:26,0
2026-06-26 12:26:27,0
2026-06-26 12:26:28,0
2026-06-26 12:26:29,0
2026-06-26 12:26:30,0
2026-06-26 12:26:31,0
2026-06-26 12:26:32,0
2026-06-26 12:26:33,0
2026-06-26 12:26:34,0
2026-06-26 12:26:35,0
2026-06-26 12:26:36,0
2026-06-26 12:26:37,0
2026-06-26 12:26:38,0
2026-06-26 12:26:39,0
2026-06-26 12:26:40,0
2026-06-26 12:26:41,0
2026-06-26 12:26:42,0
2026-06-26 12:26:43,0
2026-06-26 12:26:44,0
2026-06-26 12:26:45,0
2026-06-26 12:26:46,0
2026-06-26 12:26:47,0
2026-06-26 12:26:48,0
2026-06-26 12:26:49,0
2026-06-26 12:26:50,0
2026-06-26 12:26:51,0
2026-06-26 12:26:52,0
2026-06-26 12:26:53,0
2026-06-26 12:26:54,0
2026-06-26 12:26:55,0
2026-06-26 12:26:56,0
2026-06-26 12:26:57,0
2026-06-26 12:26:58,0
2026-06-26 12:26:59,0
2026-06-26 12:27:00,0
2026-06-26 12:27:01,0
2026-06-26 12:27:02,0
2026-06-26 12:27:03,0
2026-06-26 12:27:04,0
2026-06-26 12:27:05,0
2026-06-26 12:27:06,0
2026-06-26 12:27:07,0
2026-06-26 12:27:08,0
2026-06-26 12:27:09,0
2026-06-26 12:27:10,0
2026-06-26 12:27:11,0
2026-06-26 12:27:12,0
2026-06-26 12:27:13,0
2026-06-26 12:27:14,0
2026-06-26 12:27:15,0
2026-06-26 12:27:16,0
2026-06-26 12:27:17,0
2026-06-26 12:27:18,0
2026-06-26 12:27:19,0
2026-06-26 12:27:20,0
2026-06-26 12:27:21,0
2026-06-26 12:27:22,0
2026-06-26 12:27:23,0
2026-06-26 12:27:24,0
2026-06-26 12:27:25,0
2026-06-26 12:27:26,0
2026-06-26 12:27:27,0
2026-06-26 12:27:28,0
2026-06-26 12:27:29,0
2026-06-26 12:27:30,0
2026-06-26 12:27:31,0
2026-06-26 12:27:32,0
2026-06-26 12:27:33,0
2026-06-26 12:27:34,0
2026-06-26 12:27:35,0
2026-06-26 12:27:36,0
2026-06-26 12:27:37,0
2026-06-26 12:27:38,0
2026-06-26 12:27:39,0
2026-06-26 12:27:40,0
2026-06-26 12:27:41,0
2026-06-26 12:27:42,0
2026-06-26 12:27:43,0
2026-06-26 12:27:44,0
2026-06-26 12:27:45,0
2026-06-26 12:27:46,0
2026-06-26 12:27:47,0
2026-06-26 12:27:48,0
2026-06-26 12:27:49,0
2026-06-26 12:27:50,0
2026-06-26 12:27:51,0
2026-06-26 12:27:52,0
2026-06-26 12:27:53,0
2026-06-26 12:27:54,0
2026-06-26 12:27:55,0
2026-06-26 12:27:56,0
2026-06-26 12:27:57,0
2026-06-26 12:27:58,0
2026-06-26 12:27:59,0
2026-06-26 12:28:00,0
2026-06-26 12:28:01,0
2026-06-26 12:28:02,0
2026-06-26 12:28:03,0
2026-06-26 12:28:04,0
2026-06-26 12:28:05,0
2026-06-26 12:28:06,0
2026-06-26 12:28:07,0
2026-06-26 12:28:08,0
2026-06-26 12:28:09,0
2026-06-26 12:28:10,0
2026-06-26 12:28:11,0
2026-06-26 12:28:12,0
2026-06-26 12:28:13,0
2026-06-26 12:28:14,0
2026-06-26 12:28:15,0
2026-06-26 12:28:16,0
2026-06-26 12:28:17,0
2026-06-26 12:28:18,0
2026-06-26 12:28:19,0
2026-06-26 12:28:20,0
2026-06-26 12:28:21,0
2026-06-26 12:28:22,0
2026-06-26 12:28:23,0
2026-06-26 12:28:24,0
2026-06-26 12:28:25,0
2026-06-26 12:28:26,0
2026-06-26 12:28:27,0
2026-06-26 12:28:28,0
2026-06-26 12:28:29,0
2026-06-26 12:28:30,0
2026-06-26 12:28:31,0
2026-06-26 12:28:32,0
2026-06-26 12:28:33,0
2026-06-26 12:28:34,0
2026-06-26 12:28:35,0
2026-06-26 12:28:36,0
2026-06-26 12:28:37,0
2026-06-26 12:28:38,0
2026-06-26 12:28:39,0
2026-06-26 12:28:40,0
2026-06-26 12:28:41,0
2026-06-26 12:28:42,0
2026-06-26 12:28:43,0
2026-06-26 12:28:44,0
2026-06-26 12:28:45,0
2026-06-26 12:28:46,0
2026-06-26 12:28:47,0
2026-06-26 12:28:48,0
2026-06-26 12:28:49,0
2026-06-26 12:28:50,0
2026-06-26 12:28:51,0
2026-06-26 12:28:52,0
2026-06-26 12:28:53,0
2026-06-26 12:28:54,0
2026-06-26 12:28:55,0
2026-06-26 12:28:56,0
2026-06-26 12:28:57,0
2026-06-26 12:28:58,0
2026-06-26 12:28:59,0
2026-06-26 12:29:00,0
2026-06-26 12:29:01,0
2026-06-26 12:29:02,0
2026-06-26 12:29:03,0
2026-06-26 12:29:04,0
2026-06-26 12:29:05,0
2026-06-26 12:29:06,0
2026-06-26 12:29:07,0
2026-06-26 12:29:08,0
2026-06-26 12:29:09,0
2026-06-26 12:29:10,0
2026-06-26 12:29:11,0
2026-06-26 12:29:12,0
2026-06-26 12:29:13,0
2026-06-26 12:29:14,0
2026-06-26 12:29:15,0
2026-06-26 12:29:16,0
2026-06-26 12:29:17,0
2026-06-26 12:29:18,0
2026-06-26 12:29:19,0
2026-06-26 12:29:20,0
2026-06-26 12:29:21,0
2026-06-26 12:29:22,0
2026-06-26 12:29:23,0
2026-06-26 12:29:24,0
2026-06-26 12:29:25,0
2026-06-26 12:29:26,0
2026-06-26 12:29:27,0
2026-06-26 12:29:28,0
2026-06-26 12:29:29,0
2026-06-26 12:29:30,0
2026-06-26 12:29:31,0
2026-06-26 12:29:32,0
2026-06-26 12:29:33,0
2026-06-26 12:29:34,0
2026-06-26 12:29:35,0
2026-06-26 12:29:36,0
2026-06-26 12:29:37,0
2026-06-26 12:29:38,0
2026-06-26 12:29:39,0
2026-06-26 12:29:40,0
2026-06-26 12:29:41,0
2026-06-26 12:29:42,0
2026-06-26 12:29:43,0
2026-06-26 12:29:44,0
2026-06-26 12:29:45,0
2026-06-26 12:29:46,0
2026-06-26 12:29:47,0
2026-06-26 12:29:48,0
2026-06-26 12:29:49,0
2026-06-26 12:29:50,0
2026-06-26 12:29:51,0
2026-06-26 12:29:52,0
2026-06-26 12:29:53,0
2026-06-26 12:29:54,0
2026-06-26 12:29:55,0
2026-06-26 12:29:56,0
2026-06-26 12:29:57,0
2026-06-26 12:29:58,0
2026-06-26 12:29:59,0
2026-06-26 12:30:00,0
2026-06-26 12:30:01,0
2026-06-26 12:30:02,0
2026-06-26 12:30:03,0
2026-06-26 12:30:04,0
2026-06-26 12:30:05,0
2026-06-26 12:30:06,0
2026-06-26 12:30:07,0
2026-06-26 12:30:08,0
2026-06-26 12:30:09,0
2026-06-26 12:30:10,0
2026-06-26 12:30:11,0
2026-06-26 12:30:12,0
2026-06-26 12:30:13,0
2026-06-26 12:30:14,0
2026-06-26 12:30:15,0
2026-06-26 12:30:16,0
2026-06-26 12:30:17,0
2026-06-26 12:30:18,0
2026-06-26 12:30:19,0
2026-06-26 12:30:20,0
2026-06-26 12:30:21,0
2026-06-26 12:30:22,0
2026-06-26 12:30:23,0
2026-06-26 12:30:24,0
2026-06-26 12:30:25,0
2026-06-26 12:30:26,0
2026-06-26 12:30:27,0
2026-06-26 12:30:28,0
2026-06-26 12:30:29,0
2026-06-26 12:30:30,0
2026-06-26 12:30:31,0
2026-06-26 12:30:32,0
2026-06-26 12:30:33,0
2026-06-26 12:30:34,0
2026-06-26 12:30:35,0
2026-06-26 12:30:36,0
2026-06-26 12:30:37,0
2026-06-26 12:30:38,0
2026-06-26 12:30:39,0
2026-06-26 12:30:40,0
2026-06-26 12:30:41,0
2026-06-26 12:30:42,0
2026-06-26 12:30:43,0
2026-06-26 12:30:44,0
2026-06-26 12:30:45,0
2026-06-26 12:30:46,0
2026-06-26 12:30:47,0
2026-06-26 12:30:48,0
2026-06-26 12:30:49,0
2026-06-26 12:30:50,0
2026-06-26 12:30:51,0
2026-06-26 12:30:52,0
2026-06-26 12:30:53,0
2026-06-26 12:30:54,0
2026-06-26 12:30:55,0
2026-06-26 12:30:56,0
2026-06-26 12:30:57,0
2026-06-26 12:30:58,0
2026-06-26 12:30:59,0
2026-06-26 12:31:00,0
2026-06-26 12:31:01,0
2026-06-26 12:31:02,0
2026-06-26 12:31:03,0
2026-06-26 12:31:04,0
2026-06-26 12:31:05,0
2026-06-26 12:31:06,0
2026-06-26 12:31:07,0
2026-06-26 12:31:08,0
2026-06-26 12:31:09,0
2026-06-26 12:31:10,0
2026-06-26 12:31:11,0
2026-06-26 12:31:12,0
2026-06-26 12:31:13,0
2026-06-26 12:31:14,0
2026-06-26 12:31:15,0
2026-06-26 12:31:16,0
2026-06-26 12:31:17,0
2026-06-26 12:31:18,0
2026-06-26 12:31:19,0
2026-06-26 12:31:20,0
2026-06-26 12:31:21,0
2026-06-26 12:31:22,0
2026-06-26 12:31:23,0
2026-06-26 12:31:24,0
2026-06-26 12:31:25,0
2026-06-26 12:31:26,0
2026-06-26 12:31:27,0
2026-06-26 12:31:28,0
2026-06-26 12:31:29,0
2026-06-26 12:31:30,0
2026-06-26 12:31:31,0
2026-06-26 12:31:32,0
2026-06-26 12:31:33,0
2026-06-26 12:31:34,0
2026-06-26 12:31:35,0
2026-06-26 12:31:36,0
2026-06-26 12:31:37,0
2026-06-26 12:31:38,0
2026-06-26 12:31:39,0
2026-06-26 12:31:40,0
2026-06-26 12:31:41,0
2026-06-26 12:31:42,0
2026-06-26 12:31:43,0
2026-06-26 12:31:44,0
2026-06-26 12:31:45,0
2026-06-26 12:31:46,0
2026-06-26 12:31:47,0
2026-06-26 12:31:48,0
2026-06-26 12:31:49,0
2026-06-26 12:31:50,0
2026-06-26 12:31:51,0
2026-06-26 12:31:52,0
2026-06-26 12:31:53,0
2026-06-26 12:31:54,0
2026-06-26 12:31:55,0
2026-06-26 12:31:56,0
2026-06-26 12:31:57,0
2026-06-26 12:31:58,0
2026-06-26 12:31:59,0
2026-06-26 12:32:00,0
2026-06-26 12:32:01,0
2026-06-26 12:32:02,0
2026-06-26 12:32:03,0
2026-06-26 12:32:04,0
2026-06-26 12:32:05,0
2026-06-26 12:32:06,0
2026-06-26 12:32:07,0
2026-06-26 12:32:08,0
2026-06-26 12:32:09,0
2026-06-26 12:32:10,0
2026-06-26 12:32:11,0
2026-06-26 12:32:12,0
2026-06-26 12:32:13,0
2026-06-26 12:32:14,0
2026-06-26 12:32:15,0
2026-06-26 12:32:16,0
2026-06-26 12:32:17,0
2026-06-26 12:32:18,0
2026-06-26 12:32:19,0
2026-06-26 12:32:20,0
2026-06-26 12:32:21,0
2026-06-26 12:32:22,0
2026-06-26 12:32:23,0
2026-06-26 12:32:24,0
2026-06-26 12:32:25,0
2026-06-26 12:32:26,0
2026-06-26 12:32:27,0
2026-06-26 12:32:28,0
2026-06-26 12:32:29,0
2026-06-26 12:32:30,0
2026-06-26 12:32:31,0
2026-06-26 12:32:32,0
2026-06-26 12:32:33,0
2026-06-26 12:32:34,0
2026-06-26 12:32:35,0
2026-06-26 12:32:36,0
2026-06-26 12:32:37,0
2026-06-26 12:32:38,0
2026-06-26 12:32:39,0
2026-06-26 12:32:40,0
2026-06-26 12:32:41,0
2026-06-26 12:32:42,0
2026-06-26 12:32:43,0
2026-06-26 12:32:44,0
2026-06-26 12:32:45,0
2026-06-26 12:32:46,0
2026-06-26 12:32:47,0
2026-06-26 12:32:48,0
2026-06-26 12:32:49,0
2026-06-26 12:32:50,0
2026-06-26 12:32:51,0
2026-06-26 12:32:52,0
2026-06-26 12:32:53,0
2026-06-26 12:32:54,0
2026-06-26 12:32:55,0
2026-06-26 12:32:56,0
2026-06-26 12:32:57,0
2026-06-26 12:32:58,0
2026-06-26 12:32:59,0
2026-06-26 12:33:00,0
2026-06-26 12:33:01,0
2026-06-26 12:33:02,0
2026-06-26 12:33:03,0
2026-06-26 12:33:04,0
2026-06-26 12:33:05,0
