timestamp,eye_gaze_angle,head_pose_x,head_pose_y,face_detected
2026-06-26 12:23:06,2.4835707650561636,2.2709658499360557,0.3756735079437218,1
2026-06-26 12:23:07,-0.6913215058559232,-2.7664959725328764,-1.2882166233757588,1
2026-06-26 12:23:08,3.2384426905034625,2.6088177603169806,0.36689250909685134,1
2026-06-26 12:23:09,7.615149282040127,4.066913576414853,1.6298940871091636,1
2026-06-26 12:23:10,-1.1707668736166799,1.2403047096711026,0.146580210977113,1
2026-06-26 12:23:11,-1.1706847847459028,5.630387437674198,0.12177507361164715,1
2026-06-26 12:23:12,7.896064077536957,-2.321367597310719,-2.1059750634202663,1
2026-06-26 12:23:13,3.837173645764544,-3.7339641099342513,-1.9887027526528445,1
2026-06-26 12:23:14,-2.3473719296747606,-5.336160746712836,-4.207815815399081,1
2026-06-26 12:23:15,2.712800217929823,4.488132934467549,5.2487302295608185,1
2026-06-26 12:23:16,-2.3170884640623113,1.9630969690621733,-3.731589706173855,1
2026-06-26 12:23:17,-2.328648767851284,-0.1667540127313652,-2.078715593387722,1
2026-06-26 12:23:18,1.2098113578301706,0.8399058789594609,-2.1552217967075924,1
2026-06-26 12:23:19,-9.56640122328899,-3.3764671418951293,2.6847731308333236,1
2026-06-26 12:23:20,-8.624589162565163,7.337255938850479,-0.8848490348760834,1
2026-06-26 12:23:21,-2.8114376462048636,0.38766354592568253,3.7432262180212015,1
2026-06-26 12:23:22,-5.064155601672119,0.3281843838146787,-2.020471872731606,1
2026-06-26 12:23:23,1.5712366629763694,2.177299871696076,0.836982486671406,1
2026-06-26 12:23:24,-4.540120377606055,1.4430276952101397,-2.506041159779272,1
2026-06-26 12:23:25,-7.061518506676458,0.6716520728373941,6.435447383320165,1
2026-06-26 12:23:26,7.32824384460777,-2.371423366335936,-3.5627952570885384,1
2026-06-26 12:23:27,-1.1288815024326784,1.4144050714079872,0.9294621306810825,1
2026-06-26 12:23:28,0.3376410234396192,5.646073489425101,1.9013306427962955,1
2026-06-26 12:23:29,-7.1237409310672835,4.036260138464933,1.2413972923544947,1
2026-06-26 12:23:30,-2.7219136226259133,4.779559879918191,-0.5558629766331249,1
2026-06-26 12:23:31,0.5546129485493304,-1.5336470292935553,-0.3894620992002785,1
2026-06-26 12:23:32,-5.754967887111514,-2.9688144607757425,0.1314344159373288,1
2026-06-26 12:23:33,1.8784900917283598,-0.37736076029894444,-0.4410060048854658,1
2026-06-26 12:23:34,-3.0031934495940247,0.1671747368660838,2.891637350384729,1
2026-06-26 12:23:35,-1.458468748966384,3.282574555412846,6.631569004774054,1
2026-06-26 12:23:36,-3.0085330611469847,-5.077393889144458,-1.6724753550235008,1
2026-06-26 12:23:37,9.261390922544688,4.588650958381841,-4.109408938737234,1
2026-06-26 12:23:38,-0.06748612368966961,-0.47402369573696823,-0.26484614505376447,1
2026-06-26 12:23:39,-5.288554644779502,-1.28064320984226,7.739128012962956,1
2026-06-26 12:23:40,4.112724560515945,-3.0363131257805023,-2.4110237039091924,1
2026-06-26 12:23:41,-6.104218249855111,-4.9645700155973085,4.917350416332202,1
2026-06-26 12:23:42,1.044317975023777,2.4695117518857437,5.033102442229322,1
2026-06-26 12:23:43,-9.798350619398878,0.21995390156521166,-1.6607647251239839,1
2026-06-26 12:23:44,-6.640930244492153,-3.8698826992231616,1.706949237555826,1
2026-06-26 12:23:45,0.9843061793456176,-3.8852363161908485,4.885189869385615,1
2026-06-26 12:23:46,3.6923328999770524,-1.0073540978703845,-1.1373832229624612,1
2026-06-26 12:23:47,0.8568414059498525,5.007064575868179,-0.6107410803070853,1
2026-06-26 12:23:48,-0.5782414119412026,-0.7787740540908143,-1.7450427418459311,1
2026-06-26 12:23:49,-1.505518477946444,-4.509428859354319,-3.0442701920786006,1
2026-06-26 12:23:50,-7.392609951837137,-0.7372291922578329,-1.9478326351980213,1
2026-06-26 12:23:51,-3.5992210419735433,-0.8181707092430115,-3.6718208002867696,1
2026-06-26 12:23:52,-2.3031938547989377,-8.090659928824715,0.10225040477767822,1
2026-06-26 12:23:53,5.285611131094578,-0.16288459955343662,-2.3099196931759254,1
2026-06-26 12:23:54,1.718091447842307,-0.6928035906260339,0.7013577353722431,1
2026-06-26 12:23:55,-8.81520077681367,2.088619094440255,-4.667686938610882,1
2026-06-26 12:23:56,1.620419846973975,5.546868284836036,0.9926406966433712,1
2026-06-26 12:23:57,-1.9254114020815827,3.379695088643272,2.500586884826774,1
2026-06-26 12:23:58,-3.3846100015297935,-0.8066660716644917,-5.981206927714366,1
2026-06-26 12:23:59,3.0583814442043393,-3.319577726225011,1.1221697095427163,1
2026-06-26 12:24:00,5.154997612479755,7.720079409749581,3.6830069774198764,1
2026-06-26 12:24:01,4.656400595580993,0.17765530204346477,-3.6289230560736163,1
2026-06-26 12:24:02,-4.196087616113193,0.04178787573883861,5.01771716051311,1
2026-06-26 12:24:03,-1.546061879256073,-0.07237526133000984,1.2570570280981355,1
2026-06-26 12:24:04,1.6563171570178197,0.5942542823035648,-2.1150355672752266,1
2026-06-26 12:24:05,4.877725635611796,-0.43308123577182744,-0.16730723297311803,1
2026-06-26 12:24:06,-2.3958711892264497,-1.7209860206407088,1.6749807375651673,1
2026-06-26 12:24:07,-0.9282948833190856,-1.6405768237211764,0.2280161742372345,1
2026-06-26 12:24:08,-5.531674870030141,-0.09825981064799516,1.6162679773391075,1
2026-06-26 12:24:09,-5.981033120403354,-1.630274313401295,-2.7620207792380986,1
2026-06-26 12:24:10,4.06262911197099,-2.138537348031493,0.508082472108234,1
2026-06-26 12:24:11,6.781200142854114,0.31929068307569053,-4.241143490714941,1
2026-06-26 12:24:12,-0.3600506079016692,-0.7649316522625658,-0.33367818404610095,1
2026-06-26 12:24:13,5.01766448946012,4.511978965748066,-2.711722924394369,1
2026-06-26 12:24:14,1.8081801252381706,-7.952909425179036,-2.2065898277692995,1
2026-06-26 12:24:15,-3.2255987730256215,3.2745205557673853,3.708279525631312,1
2026-06-26 12:24:16,1.8069780275420697,3.738255577492887,3.2739303617828073,1
2026-06-26 12:24:17,7.690182832329846,-6.220170697224448,1.8274143627215311,1
2026-06-26 12:24:18,-0.17913019554975768,-1.0280627822410464,-3.2769382940177367,1
2026-06-26 12:24:19,7.823218279070031,-1.1143225979873743,-0.9492253490844058,1
2026-06-26 12:24:20,-13.098725520448722,-4.2225350841534635,3.63929309993755,1
2026-06-26 12:24:21,4.109512521876119,-2.333450062772626,0.4251507409197142,1
2026-06-26 12:24:22,0.4352353411908561,-3.3317275363974863,6.957988619945082,1
2026-06-26 12:24:23,-1.4950367523293373,5.256811330270868,1.1799535181831156,1
2026-06-26 12:24:24,0.4588038826775115,2.8070351794423836,0.5761473494700948,1
2026-06-26 12:24:25,-9.937844573004464,3.8146652849824765,-0.9273493926075042,1
2026-06-26 12:24:26,-1.0983594391875597,2.1650161921297055,0.40062271434684693,1
2026-06-26 12:24:27,1.7855628575587321,-3.3871553136516876,-0.4574095091416317,1
2026-06-26 12:24:28,7.389470223707581,-1.573560798839321,2.124326030065771,1
2026-06-26 12:24:29,-2.591351091368237,1.4681236836837541,2.870106950383752,1
2026-06-26 12:24:30,-4.042468014465938,-3.666383426675836,-2.3579683815238486,1
2026-06-26 12:24:31,-2.5087852179226826,2.138995290517164,-3.993698860673334,1
2026-06-26 12:24:32,4.577010588510371,-0.7209761944744051,-5.50861611930989,1
2026-06-26 12:24:33,1.6437555482984223,-1.1244624226487925,1.523973980737631,1
2026-06-26 12:24:34,-2.648801018835194,2.1328799046104745,-3.310099818521621,1
2026-06-26 12:24:35,2.5663371655667806,1.3327899344581193,-6.458671778857449,1
2026-06-26 12:24:36,0.4853877467402019,-1.0828984974572398,1.1657358135928924,1
2026-06-26 12:24:37,4.843224952664446,3.477989410092744,7.478998552298371,1
2026-06-26 12:24:38,-3.510265469386762,-3.243189982799692,-0.018212734619679972,1
2026-06-26 12:24:39,-1.6383107329888411,1.8478068208327914,2.515472323354926,1
2026-06-26 12:24:40,-1.960540765660788,1.7793037739051512,0.24548807564269504,1
2026-06-26 12:24:41,-7.317574740660593,-0.9286393179419709,-0.296668959573428,1
2026-06-26 12:24:42,1.4806013853228803,0.978399066726354,2.757229448963306,1
2026-06-26 12:24:43,1.3052763608994467,-3.7533407291559087,-0.870823632565954,1
2026-06-26 12:24:44,0.025567283212304448,2.772081057620703,0.8021769422157088,1
2026-06-26 12:24:45,-1.1729356668757345,-0.5547064093289671,0.9650934185880409,1
2026-06-26 12:24:46,-7.076853710252071,-1.5681690615571187,-2.0042713609291463,1
2026-06-26 12:24:47,-2.103226613826795,3.1470276775106676,2.9761270486095683,1
2026-06-26 12:24:48,-1.7135725826338475,-2.113031071628278,-0.5248792700862259,1
2026-06-26 12:24:49,-4.011386346108095,-4.225383889090679,-2.267235478478534,1
2026-06-26 12:24:50,-0.8064285583300457,-4.669887520571711,1.6095295307112107,1
2026-06-26 12:24:51,2.020254284072692,1.8180298540369189,-2.695403945373112,1
2026-06-26 12:24:52,9.430929506052651,-3.8412880574888493,0.08454347210738475,1
2026-06-26 12:24:53,0.8728890641591948,5.264382545953094,-0.027356989932610633,1
2026-06-26 12:24:54,1.2877519536138218,-6.245788223651166,3.2576866974947345,1
2026-06-26 12:24:55,-0.37222957883083607,5.089369104870115,1.4240946986398584,1
2026-06-26 12:24:56,-9.593856076495207,0.6330524016078553,-0.07508087623543175,1
2026-06-26 12:24:57,-0.1325693772460844,-0.29013933561117716,2.4532988976008614,1
2026-06-26 12:24:58,0.3011510497051322,-1.6347572604268492,4.17062264705194,1
2026-06-26 12:24:59,12.31621056242643,1.1974083430562126,1.6734309190555867,1
2026-06-26 12:25:00,-19.27566167671222,12.354892518533902,1.8555490821274265,1
2026-06-26 12:25:01,16.92613567421541,14.228007572334757,16.362437232993695,1
2026-06-26 12:25:02,-23.541442313008314,19.201085674209956,19.456939247751695,1
2026-06-26 12:25:03,21.714075812013117,6.272632539689424,7.6895199067430084,1
2026-06-26 12:25:04,-24.16146941559086,5.280746472881413,9.770149960414274,1
2026-06-26 12:25:05,-31.045758095443503,4.527067302235356,4.266676427395483,1
2026-06-26 12:25:06,-24.440739478636882,8.671152067530084,10.027462751216966,1
2026-06-26 12:25:07,-21.534405743436864,17.16711209912584,7.621473681344016,1
2026-06-26 12:25:08,27.60699248915961,12.640341838731175,9.489357799825003,1
2026-06-26 12:25:09,-22.454687249356827,12.443459763546091,12.046291937986213,1
2026-06-26 12:25:10,-17.440379544853627,0.9034603566763817,4.509272609845767,1
2026-06-26 12:25:11,19.15845883018965,6.534065863817904,8.190943303837162,1
2026-06-26 12:25:12,26.13202571935192,0.8217118356898148,0.9810928911091086,1
2026-06-26 12:25:13,-14.214518072680207,15.856228946607718,8.22506357943356,1
2026-06-26 12:25:14,25.8808755261996,17.928232464428664,9.532829645415003,1
2026-06-26 12:25:15,11.330082352913237,13.897833636201907,11.14491212530539,1
2026-06-26 12:25:16,21.033620236224973,5.066069771302275,11.197882701816043,1
2026-06-26 12:25:17,-16.20530699939026,17.410112468078953,14.519613753684279,1
2026-06-26 12:25:18,-18.092307187053343,8.73372544987395,2.3016674036334006,1
2026-06-26 12:25:19,-16.817018370890853,3.927703596236692,2.5686148502485304,1
2026-06-26 12:25:20,20.291755021427388,5.1779787269415385,12.644789681962601,1
2026-06-26 12:25:21,-23.723921033632635,7.849216822040816,-0.19480638502708025,1
2026-06-26 12:25:22,11.514513075068741,10.247892602423534,10.916501060524965,1
2026-06-26 12:25:23,-23.22784714324238,9.193278941741031,4.098535302050531,1
2026-06-26 12:25:24,-6.609450631808038,2.9366579091448646,17.864073204585907,1
2026-06-26 12:25:25,17.57174411954664,16.066582045928207,11.252262038638888,1
2026-06-26 12:25:26,-29.79695113045372,9.246970402815784,8.904219901434692,1
2026-06-26 12:25:27,23.663246803645414,6.431230718646745,16.138604385695892,1
2026-06-26 12:25:28,24.277300043413224,15.551511809913821,4.682989967145246,1
2026-06-26 12:25:29,-13.563378049239299,4.082969058667344,5.632951829560958,1
2026-06-26 12:25:30,1.2994139712421178,1.5529770614073692,2.848662406323971,1
2026-06-26 12:25:31,3.909114358886552,-2.177231439460397,-4.4546939053497105,1
2026-06-26 12:25:32,-6.18475355439041,0.560300293431235,-7.661763404705864,1
2026-06-26 12:25:33,-6.602283065421382,-2.2661487970599676,2.802959733717821,1
2026-06-26 12:25:34,2.6097078280844883,-1.8345534089758448,-4.100636095246263,1
2026-06-26 12:25:35,1.4849233661659302,-4.219983290544667,-0.6742962056780506,1
2026-06-26 12:25:36,1.2524642517293827,-2.769699738332713,-3.5103390781780783,1
2026-06-26 12:25:37,1.7322410474848784,-4.055053816849001,-5.405941312740059,1
2026-06-26 12:25:38,-3.400123607892454,-2.927619758931998,1.624388184614364,1
2026-06-26 12:25:39,1.1612684858050177,3.1609253898235186,2.2774654809079404,1
2026-06-26 12:25:40,1.4653623664934061,-2.848196666495829,-1.7295312021801583,1
2026-06-26 12:25:41,-3.571757090131839,7.897146194512173,-7.77312687643473,1
2026-06-26 12:25:42,9.328872555723782,1.4799537026426677,-1.6387333447574481,1
2026-06-26 12:25:43,2.3691646045589376,0.5545083710846217,1.1754120162076396,1
2026-06-26 12:25:44,-5.956517486013243,-2.5750733405436406,-4.436734706322387,1
2026-06-26 12:25:45,3.2827680431691486,2.100929638226974,0.5500797593374669,1
2026-06-26 12:25:46,-4.873408351136607,-1.7269134787133218,-0.045929547518986674,1
2026-06-26 12:25:47,3.9354230187122603,0.36602944393608433,1.737874498803265,1
2026-06-26 12:25:48,5.79297789503702,7.680253614806384,0.3587411052424598,1
2026-06-26 12:25:49,-4.103411591758553,-0.2881796991739496,-2.9192068226446666,1
2026-06-26 12:25:50,4.816880646221609,3.4478199788570274,3.589714504993474,1
2026-06-26 12:25:51,2.0639046346824914,-2.109529275377662,-0.47558871908091005,1
2026-06-26 12:25:52,4.11030079997245,-0.10496547149088509,-0.08191361852979558,1
2026-06-26 12:25:53,9.483964913269737,5.31240190690653,-2.7998038772195883,1
2026-06-26 12:25:54,-1.2269405800143525,-1.880901173363302,-1.329846753574531,1
2026-06-26 12:25:55,-3.7686808217874477,5.437345673990786,-2.654408142080703,1
2026-06-26 12:25:56,-4.447572148127616,2.1232558063664264,-0.518838179770269,1
2026-06-26 12:25:57,-4.079051424827192,-1.687400327682803,5.13512544042703,1
2026-06-26 12:25:58,-0.385508547070521,1.8972232171665628,-4.115703428794069,1
2026-06-26 12:25:59,1.7057598740832194,2.9176633488801897,-4.840684193630223,1
2026-06-26 12:26:00,1.3834539966500952,1.8654298866515893,4.413510982480826,1
2026-06-26 12:26:01,4.135916245180119,-4.7106741596713695,-0.6279710314555984,1
2026-06-26 12:26:02,0.06500945938953509,-2.181411527474606,-2.0072182159797496,1
2026-06-26 12:26:03,7.267670385786584,-0.7425559066545142,3.1197140621882293,1
2026-06-26 12:26:04,-1.3232841661897803,-0.22330028730013884,-1.8168466192105923,1
2026-06-26 12:26:05,13.600845832948094,1.8620162926520338,5.478029140640809,1
2026-06-26 12:26:06,3.128336738825031,0.5331030027997615,2.033777614017807,1
2026-06-26 12:26:07,-4.285787782081413,-4.006033076130304,-1.463734224437108,1
2026-06-26 12:26:08,-5.354462490305561,1.1405935530178897,6.4719246397965104,1
2026-06-26 12:26:09,2.4123620762159264,1.8317572358514695,-1.817144769010015,1
2026-06-26 12:26:10,-1.1173139266292544,1.6793713437931195,2.226286116027921,1
2026-06-26 12:26:11,3.57000247046046,3.2423421766638656,0.8978777412194758,1
2026-06-26 12:26:12,2.366188122867724,2.501766463646712,3.905223868196394,1
2026-06-26 12:26:13,-0.36414456328436384,1.37754023768531,4.684533590180558,1
2026-06-26 12:26:14,-4.233968590342025,-0.2104971343759411,0.09601244719729987,1
2026-06-26 12:26:15,-7.574236123429323,-4.982882800547975,-2.2602536110385505,1
2026-06-26 12:26:16,-2.2325747603351056,1.2888546573977575,1.3799164288173493,1
2026-06-26 12:26:17,4.281993971617362,0.6230630614893334,-2.033146109256318,1
2026-06-26 12:26:18,1.0704687206510197,0.8147365115861204,6.040161742579869,1
2026-06-26 12:26:19,-6.2286938935599405,-3.8302457274609285,0.40960599324821234,1
2026-06-26 12:26:20,0.86590462925591,-3.243169621224787,-1.0959646539363261,1
2026-06-26 12:26:21,1.9265868986441839,3.1594585599987104,0.5540409175947252,1
2026-06-26 12:26:22,-4.419287181005665,-0.11866546156996513,-4.0413788685890895,1
2026-06-26 12:26:23,0.7686255297276395,2.0445020921178734,-2.914842115531955,1
2026-06-26 12:26:24,0.2910435922299995,0.08495512839138351,3.601241723833276,1
2026-06-26 12:26:25,-5.714851489153116,0.08926841848723557,-1.9706828369141873,1
2026-06-26 12:26:26,1.7889368017414164,2.814851417927993,-3.1407329480458186,1
2026-06-26 12:26:27,2.803922631841172,-1.5481341846521217,1.6099582575818585,1
2026-06-26 12:26:28,5.415256215876385,0.2883623308229501,3.557112463988991,1
2026-06-26 12:26:29,5.269010260174515,-1.3868258661151274,2.1568599319952,1
2026-06-26 12:26:30,-6.888346839785456,-1.3034886822969467,2.988143057417449,1
2026-06-26 12:26:31,-4.689125199575614,-0.9275163704059182,-2.2703852657083825,1
2026-06-26 12:26:32,2.575176336043299,0.6664013149011385,-4.265432000225531,1
2026-06-26 12:26:33,2.568929754561044,-1.436245864990432,4.50400095586646,1
2026-06-26 12:26:34,2.5752384315302397,3.7672683767205624,-0.9680395165264073,1
2026-06-26 12:26:35,19.263657453273606,-2.683821906658512,-0.752499049365142,1
2026-06-26 12:26:36,2.854452553465835,-0.5606149324840771,3.984582425547174,1
2026-06-26 12:26:37,5.677828200902995,-1.3191931748225247,1.6686900282019796,1
2026-06-26 12:26:38,4.770008817466012,4.340933653061199,1.3676633162448228,1
2026-06-26 12:26:39,3.25695625652899,0.5896643295347239,6.495007034703252,1
2026-06-26 12:26:40,-1.576346223201728,3.095533618405905,-1.930554691140429,1
2026-06-26 12:26:41,3.7948461024663374,-4.456681119110916,2.7835203842437117,1
2026-06-26 12:26:42,-3.864126072687859,0.8011507976077765,0.17103937469125352,1
2026-06-26 12:26:43,-1.1840930337000444,2.6688923868703114,0.8057768365897708,1
2026-06-26 12:26:44,-2.4268177391455175,0.24685196782627256,4.5854052792375946,1
2026-06-26 12:26:45,0.40937069693161277,3.1964411251960536,1.5235072688688711,1
2026-06-26 12:26:46,11.573292833367542,-1.5518653503011164,1.6148882371488988,1
2026-06-26 12:26:47,-9.33632596295874,4.22804232055674,3.2175220119294066,1
2026-06-26 12:26:48,3.4313009518725672,6.896694370857751,-1.094858188628656,1
2026-06-26 12:26:49,-8.063579355948258,-1.0885156813189771,-2.517629002017019,1
2026-06-26 12:26:50,-2.3596593289471675,-1.3365075642023154,-3.1344275820631005,1
2026-06-26 12:26:51,5.44475298483683,4.360153431353103,-5.8990697681280055,1
2026-06-26 12:26:52,0.32140009547731385,4.738716437192137,6.1686213898209665,1
2026-06-26 12:26:53,-5.38872388964653,-1.568580081459805,-3.3096250971650494,1
2026-06-26 12:26:54,,,,0
2026-06-26 12:26:55,,,,0
2026-06-26 12:26:56,,,,0
2026-06-26 12:26:57,,,,0
2026-06-26 12:26:58,,,,0
2026-06-26 12:26:59,,,,0
2026-06-26 12:27:00,,,,0
2026-06-26 12:27:01,,,,0
2026-06-26 12:27:02,,,,0
2026-06-26 12:27:03,,,,0
2026-06-26 12:27:04,,,,0
2026-06-26 12:27:05,,,,0
2026-06-26 12:27:06,,,,0
2026-06-26 12:27:07,,,,0
2026-06-26 12:27:08,,,,0
2026-06-26 12:27:09,,,,0
2026-06-26 12:27:10,,,,0
2026-06-26 12:27:11,,,,0
2026-06-26 12:27:12,,,,0
2026-06-26 12:27:13,,,,0
2026-06-26 12:27:14,,,,0
2026-06-26 12:27:15,,,,0
2026-06-26 12:27:16,,,,0
2026-06-26 12:27:17,,,,0
2026-06-26 12:27:18,,,,0
2026-06-26 12:27:19,,,,0
2026-06-26 12:27:20,,,,0
2026-06-26 12:27:21,,,,0
2026-06-26 12:27:22,,,,0
2026-06-26 12:27:23,,,,0
2026-06-26 12:27:24,,,,0
2026-06-26 12:27:25,,,,0
2026-06-26 12:27:26,,,,0
2026-06-26 12:27:27,,,,0
2026-06-26 12:27:28,,,,0
2026-06-26 12:27:29,,,,0
2026-06-26 12:27:30,,,,0
2026-06-26 12:27:31,-6.2389159098242475,-1.1631046798079525,1.765735213261829,1
2026-06-26 12:27:32,8.162056519658176,0.857596172174715,5.009713513054219,1
2026-06-26 12:27:33,-7.150706889803163,1.003370369961075,1.1840145894689433,1
2026-06-26 12:27:34,-2.2002224334849187,1.9756328180184912,-3.587649186105553,1
2026-06-26 12:27:35,0.6537028864304567,6.030613616299049,1.3338080046604222,1
2026-06-26 12:27:36,7.206366445330578,-0.5308416824821482,3.5898944599369536,1
2026-06-26 12:27:37,-7.1793107558971965,-2.3948917336153612,-1.8293487129581467,1
2026-06-26 12:27:38,5.815818760774798,-4.137957684043582,-0.40205150001875306,1
2026-06-26 12:27:39,0.051165305097935244,-2.1927901198257573,0.04406458418759128,1
2026-06-26 12:27:40,-4.907543255239755,-0.09938091862139128,-2.35469493924672,1
2026-06-26 12:27:41,2.3105173713163536,5.383673590553363,1.944841301531577,1
2026-06-26 12:27:42,0.9952984778673502,-1.5528338971085143,-0.3628444458233447,1
2026-06-26 12:27:43,-3.0010843857939733,0.6713638549166955,1.2585973317210832,1
2026-06-26 12:27:44,0.3490104249500946,-0.049268688218256224,-2.6624765334063003,1
2026-06-26 12:27:45,-1.926567984308801,3.5651798203442517,-1.3123749009702312,1
2026-06-26 12:27:46,0.5675867262562402,7.580797277620865,2.167144073483314,1
2026-06-26 12:27:47,,,,0
2026-06-26 12:27:48,,,,0
2026-06-26 12:27:49,,,,0
2026-06-26 12:27:50,,,,0
2026-06-26 12:27:51,,,,0
2026-06-26 12:27:52,,,,0
2026-06-26 12:27:53,,,,0
2026-06-26 12:27:54,,,,0
2026-06-26 12:27:55,,,,0
2026-06-26 12:27:56,,,,0
2026-06-26 12:27:57,,,,0
2026-06-26 12:27:58,,,,0
2026-06-26 12:27:59,,,,0
2026-06-26 12:28:00,,,,0
2026-06-26 12:28:01,,,,0
2026-06-26 12:28:02,,,,0
2026-06-26 12:28:03,,,,0
2026-06-26 12:28:04,,,,0
2026-06-26 12:28:05,,,,0
2026-06-26 12:28:06,,,,0
2026-06-26 12:28:07,,,,0
2026-06-26 12:28:08,,,,0
2026-06-26 12:28:09,,,,0
2026-06-26 12:28:10,,,,0
2026-06-26 12:28:11,,,,0
2026-06-26 12:28:12,,,,0
2026-06-26 12:28:13,,,,0
2026-06-26 12:28:14,,,,0
2026-06-26 12:28:15,,,,0
2026-06-26 12:28:16,,,,0
2026-06-26 12:28:17,,,,0
2026-06-26 12:28:18,,,,0
2026-06-26 12:28:19,,,,0
2026-06-26 12:28:20,,,,0
2026-06-26 12:28:21,,,,0
2026-06-26 12:28:22,,,,0
2026-06-26 12:28:23,,,,0
2026-06-26 12:28:24,,,,0
2026-06-26 12:28:25,,,,0
2026-06-26 12:28:26,,,,0
2026-06-26 12:28:27,,,,0
2026-06-26 12:28:28,,,,0
2026-06-26 12:28:29,,,,0
2026-06-26 12:28:30,,,,0
2026-06-26 12:28:31,,,,0
2026-06-26 12:28:32,,,,0
2026-06-26 12:28:33,,,,0
2026-06-26 12:28:34,,,,0
2026-06-26 12:28:35,,,,0
2026-06-26 12:28:36,,,,0
2026-06-26 12:28:37,,,,0
2026-06-26 12:28:38,0.3790227909686317,-4.344041701248732,0.9695031425543443,1
2026-06-26 12:28:39,-3.3858085575605585,-6.596417869860246,-0.44280775889600604,1
2026-06-26 12:28:40,4.875598667088756,1.320043350159997,-1.3981095056047268,1
2026-06-26 12:28:41,-0.7352869075106933,-1.5061626730578335,-4.784109201800386,1
2026-06-26 12:28:42,-4.127485983962558,-3.0636984513921397,1.5408003197091498,1
2026-06-26 12:28:43,-1.606929208264967,2.12506934189806,-1.5981025189857343,1
2026-06-26 12:28:44,2.0646572713781217,0.7314021413135965,-3.509750507130864,1
2026-06-26 12:28:45,-2.8186227640198736,-1.692235892210185,-8.616786639844948,1
2026-06-26 12:28:46,-4.111101977832157,-3.840913196012683,-0.08254471515190877,1
2026-06-26 12:28:47,1.2184360574595616,2.617371984840434,5.316754790009233,1
2026-06-26 12:28:48,1.2248328555436139,1.9506035338759828,4.983777643643609,1
2026-06-26 12:28:49,-2.534715876855649,-0.2975275913381487,-1.3712887697588156,1
2026-06-26 12:28:50,-2.355191528091614,5.5399109881429975,-1.8066361810853415,1
2026-06-26 12:28:51,1.1602496867881815,-3.210254298978458,1.4063227682250714,1
2026-06-26 12:28:52,-7.240421707486621,-4.576575512774216,-2.9951563175648745,1
2026-06-26 12:28:53,-7.037318871882777,-2.075724209643733,0.9053756994583979,1
2026-06-26 12:28:54,-3.59222110626218,-0.13675804906649341,2.298240835154071,1
2026-06-26 12:28:55,-1.0672357585592362,0.7300183479680755,3.680799671652923,1
2026-06-26 12:28:56,1.554537827990023,-0.7237081735689896,-0.30046222943985834,1
2026-06-26 12:28:57,7.37678108474776,1.0561661895428904,-0.6110212505308976,1
2026-06-26 12:28:58,4.288298116010097,-3.7546182725713324,-2.6339477602696832,1
2026-06-26 12:28:59,-0.7996926498171355,4.331293812219778,-2.48064106211958,1
2026-06-26 12:29:00,-0.09508103951344415,-0.2464535351777064,-0.6794366757045802,1
2026-06-26 12:29:01,-5.012646823189044,3.351887494764383,1.1020965204485342,1
2026-06-26 12:29:02,-0.09256567996194966,1.0281760391331125,2.7407538786997483,1
2026-06-26 12:29:03,-1.4432931946006917,1.3702596574613517,-2.4095368520410343,1
2026-06-26 12:29:04,1.6135928016904475,1.7093018406966118,4.478065706878565,1
2026-06-26 12:29:05,-4.136154717761615,1.3431256800519449,-0.8133708031277063,1
2026-06-26 12:29:06,2.5967325712058615,1.9281682796026316,-0.06410188304530848,1
2026-06-26 12:29:07,7.6636945650128885,3.987457590397294,-2.24163503744347,1
2026-06-26 12:29:08,-0.543800742284288,0.5895635091044104,-7.272720780818824,1
2026-06-26 12:29:09,2.008558610494707,2.127011272765537,2.652136189083149,1
2026-06-26 12:29:10,3.4507199585555623,-0.26920708286168016,2.2105316912773,1
2026-06-26 12:29:11,-2.0061023594291814,4.320351646348419,-0.8439826713546401,1
2026-06-26 12:29:12,1.1204624090520838,-2.029176906177809,0.20097215167461574,1
2026-06-26 12:29:13,0.0629620039089743,5.402821298732447,1.5478176531122982,1
2026-06-26 12:29:14,0.4883804927441586,-0.12047385193303023,-4.6876375706596285,1
2026-06-26 12:29:15,-3.8650489192773323,-4.292325306354145,-1.5871580320388845,1
2026-06-26 12:29:16,0.12255087129471356,0.38431324473236783,2.382794038865481,1
2026-06-26 12:29:17,2.4899914562272487,-2.0431549724246425,-3.762868269507748,1
2026-06-26 12:29:18,7.255718038975209,2.5219306469661724,0.8806737964998879,1
2026-06-26 12:29:19,4.796354130426034,-1.9578719379071727,-4.069745413870216,1
2026-06-26 12:29:20,10.765912287557782,-1.3385502996443392,1.399289947300579,1
2026-06-26 12:29:21,-3.8367378144402475,-5.668622192836593,-0.1069244468924507,1
2026-06-26 12:29:22,4.361603183603391,-1.3569189577472303,-4.845395447716529,1
2026-06-26 12:29:23,0.9167100286917587,-7.27163797988687,3.4942180633715143,1
2026-06-26 12:29:24,10.949014666088361,-4.75170847045717,-2.2037747303941475,1
2026-06-26 12:29:25,-4.041491426775758,2.281243968432892,-2.430757311043143,1
2026-06-26 12:29:26,-4.19860921090388,2.3574004759524967,0.6017075916928285,1
2026-06-26 12:29:27,-2.9969632272201108,1.2763726853548942,3.4459120482861456,1
2026-06-26 12:29:28,-10.619478621549035,-2.9009284293876387,-3.047465456935191,1
2026-06-26 12:29:29,-2.628775108403805,-0.14313406842593956,0.18503954954391497,1
2026-06-26 12:29:30,-3.79566330776849,-0.010807617271705212,1.286449500991719,1
2026-06-26 12:29:31,0.7519689323810381,-3.4750940675776283,2.0793168217894324,1
2026-06-26 12:29:32,1.7087798788857973,4.510194905301452,0.5293246658316756,1
2026-06-26 12:29:33,9.380854196079431,2.6320868717270143,-1.101083517249967,1
2026-06-26 12:29:34,4.752119190930252,-0.6628925214889918,-2.482770661946159,1
2026-06-26 12:29:35,-2.8845182783120156,0.08065751698359233,0.25843164913912425,1
2026-06-26 12:29:36,-4.492073356741789,0.6251484238426575,-3.2164170359568205,1
2026-06-26 12:29:37,2.4595958575325287,-6.125204605272872,-8.764051450483823,1
2026-06-26 12:29:38,-6.601166035103211,-0.7415321475617908,1.3096794124730033,1
2026-06-26 12:29:39,9.157293829271769,-2.0459527439933956,2.7118045232585857,1
2026-06-26 12:29:40,5.897200603606435,-3.0048600296847465,-7.088797306625516,1
2026-06-26 12:29:41,-2.345878260523524,-0.8433008786578646,-3.0291921141298124,1
2026-06-26 12:29:42,-8.565672645454388,5.3930595805485675,1.8574627830155932,1
2026-06-26 12:29:43,6.769361870827064,1.9225285838010295,6.172486409135097,1
2026-06-26 12:29:44,-0.5726992262630894,-1.7135369693483904,0.06238112302622369,1
2026-06-26 12:29:45,6.189081559867309,1.7177483440684758,-2.184008823687403,1
2026-06-26 12:29:46,-7.9721382939718355,4.198066309758007,-0.5486893233145205,1
2026-06-26 12:29:47,-2.9968751147688644,2.7739010487383062,4.124629257444554,1
2026-06-26 12:29:48,0.02621849859091583,0.1788911097605224,-1.9378925373736058,1
2026-06-26 12:29:49,0.23490296882371028,-1.9408103331167217,-2.397576019950761,1
2026-06-26 12:29:50,-2.2503273573962184,2.09466994084077,-1.4482305665460973,1
2026-06-26 12:29:51,3.1142496617374937,1.1804561562652487,-2.859985824776137,1
2026-06-26 12:29:52,-5.338102146912972,2.6855796600831967,0.3680109479843866,1
2026-06-26 12:29:53,-0.7118974251064675,1.9055154050459087,4.874035375408682,1
2026-06-26 12:29:54,0.6014781585594943,3.1486581459580054,0.9692378193480873,1
2026-06-26 12:29:55,2.572194170293745,-1.605705634681704,-0.7570605063788628,1
2026-06-26 12:29:56,3.5580743904444487,3.952182196902977,-0.8754338067466323,1
2026-06-26 12:29:57,-5.623210459189346,0.5927988140771989,-4.689572426089971,1
2026-06-26 12:29:58,-7.670570853678111,6.2257826178757965,2.6493293314414768,1
2026-06-26 12:29:59,6.388384109492545,-2.0675634542687034,-0.2335115910384061,1
2026-06-26 12:30:00,1.6615700598979584,5.207891409495748,-0.541439740771877,1
2026-06-26 12:30:01,-3.742432682782768,0.5937323503879434,9.579322703534583,1
2026-06-26 12:30:02,7.755759877612615,-1.954254010843345,0.8962587250970587,1
2026-06-26 12:30:03,0.5783731714642933,-1.4516575021629647,-2.255373150285553,1
2026-06-26 12:30:04,5.896485920319132,-0.9610419245829604,-1.27907278861663,1
2026-06-26 12:30:05,0.3375924070505448,1.2724978392057493,3.4453371275902644,1
2026-06-26 12:30:06,10.303739624409936,1.5685064641064987,0.3398112316132934,1
2026-06-26 12:30:07,8.776704212216021,-1.7211000118157371,-4.3148339349521,1
2026-06-26 12:30:08,-1.2448207423953674,-0.07306377678294852,2.7576868037256106,1
2026-06-26 12:30:09,4.857854754771777,6.426811075835591,-2.004432256616982,1
2026-06-26 12:30:10,3.2268797479257376,5.182629510302134,5.619893328652637,1
2026-06-26 12:30:11,6.8431577876617435,1.3089710090220963,3.2401441971439455,1
2026-06-26 12:30:12,-4.824617302900522,0.11401043450460085,-1.3419656869762535,1
2026-06-26 12:30:13,3.4302572999921965,0.3600939801547839,3.8430490852053385,1
2026-06-26 12:30:14,5.292122434247939,1.84055391819125,0.2035665315822099,1
2026-06-26 12:30:15,-8.793697432115572,-3.068377695595217,2.5583210253666584,1
2026-06-26 12:30:16,-5.916292563328875,-0.7721296122700353,1.4541984518834243,1
2026-06-26 12:30:17,-10.196160888800502,-5.005752221632768,-2.5390699649726205,1
2026-06-26 12:30:18,-1.3470341722227888,1.1976693678158377,-1.930649496952386,1
2026-06-26 12:30:19,3.5877112789798113,1.9415878191082232,3.089882452743484,1
2026-06-26 12:30:20,7.51178526048014,-1.449559386898122,-1.0043259963196225,1
2026-06-26 12:30:21,0.37047390209887593,4.721960289870099,-1.21094538972599,1
2026-06-26 12:30:22,8.14307772785646,-3.677296989007024,-2.865367738048059,1
2026-06-26 12:30:23,-6.900507291074457,-4.393124640629461,1.270797196780383,1
2026-06-26 12:30:24,-8.516912196775774,0.6733554556799162,6.187574757729434,1
2026-06-26 12:30:25,-0.2777384944830939,3.1412949078364636,-3.2025987427628184,1
2026-06-26 12:30:26,1.9203272446965363,5.051783074373606,0.0726583700182742,1
2026-06-26 12:30:27,-0.16347374047046556,-1.37665278860682,4.236661666246288,1
2026-06-26 12:30:28,-10.337210500199383,3.2360425002938866,-0.23892417373714545,1
2026-06-26 12:30:29,-0.44560019756394204,-0.11552540850212162,1.3571153887492016,1
2026-06-26 12:30:30,-6.522347502524266,-0.5178818998224589,-3.187180584440639,1
2026-06-26 12:30:31,3.3483627441501924,2.650979812460017,1.2849212916229458,1
2026-06-26 12:30:32,1.8329912304842413,1.9569686352402589,-0.5614327950136464,1
2026-06-26 12:30:33,-4.699398931636776,-4.729176470952748,2.957189987039589,1
2026-06-26 12:30:34,-2.5693345866834676,4.429621049177687,3.5621581546942536,1
2026-06-26 12:30:35,-5.296067609444758,4.140274062442355,7.768690926055841,1
2026-06-26 12:30:36,-0.3133954863658594,-1.8766881045285881,1.7388995196407269,1
2026-06-26 12:30:37,4.775711602506191,1.1874106003122271,0.9773889497464994,1
2026-06-26 12:30:38,-4.928630231677719,1.4820905588482165,0.5831529047320081,1
2026-06-26 12:30:39,2.520232577589222,0.7820212974717213,-1.059498878432065,1
2026-06-26 12:30:40,-2.651288091862204,-1.6509154615362602,1.0154515303850733,1
2026-06-26 12:30:41,-3.964364161311721,-2.0148701038141548,-0.8862042304170883,1
2026-06-26 12:30:42,-0.5351517997727891,-0.07666221297433584,0.5053829288088428,1
2026-06-26 12:30:43,-5.17621161209687,3.518187057778094,3.952792606823879,1
2026-06-26 12:30:44,-2.7682465267359104,1.630800463783297,-3.019627695838923,1
2026-06-26 12:30:45,-5.989389462944242,-1.1118429962583178,3.419635683387136,1
2026-06-26 12:30:46,9.823625664581947,2.315096131945034,3.9513452020195956,1
2026-06-26 12:30:47,0.17631775985864306,-8.545627861890226,-0.35420558097323623,1
2026-06-26 12:30:48,-3.498627539962928,3.4462971011163104,-6.365564697025784,1
2026-06-26 12:30:49,1.06989955367111,-5.219141336334299,-1.8234659612832975,1
2026-06-26 12:30:50,-0.5616402484541492,-1.0873228242093964,3.890983639683328,1
2026-06-26 12:30:51,-1.104847997666115,-3.3590096838784316,-0.06860418689664637,1
2026-06-26 12:30:52,3.070833500217126,-3.884044427162717,-2.9979066968847325,1
2026-06-26 12:30:53,3.7875385502365253,3.4824803621355582,-1.5143247636846522,1
2026-06-26 12:30:54,-2.6525057380526373,-1.4031036039356741,2.521860079513659,1
2026-06-26 12:30:55,-2.8790912032234,1.0395116451921473,1.6402007046041378,1
2026-06-26 12:30:56,-1.37525848575822,-0.1407617366375522,-0.7167962975090829,1
2026-06-26 12:30:57,-11.509605823677925,1.4311224816693644,-1.1004732354440627,1
2026-06-26 12:30:58,-7.575955310992761,0.23046567318076608,-1.1752744471314656,1
2026-06-26 12:30:59,6.834371337222623,-3.848976672565709,-2.7672305534955077,1
2026-06-26 12:31:00,8.224838567506419,2.9888004583414203,4.846127068408325,1
2026-06-26 12:31:01,-1.2451801977818917,-1.4812697494839375,-0.9669614076340196,1
2026-06-26 12:31:02,2.882784815278832,-4.669745695979254,3.6514755624764894,1
2026-06-26 12:31:03,1.5562507727176804,-1.2843454828977374,4.5639481557673545,1
2026-06-26 12:31:04,15.39440404227619,4.502279371902933,2.994932694443881,1
2026-06-26 12:31:05,5.597874557172884,2.5506652263404788,-1.2948609381541452,1
2026-06-26 12:31:06,-0.6395879574038327,-1.0459564032235775,1.2111902710098283,1
2026-06-26 12:31:07,-4.7777022030021286,-1.0477731129552863,-0.07258681917274849,1
2026-06-26 12:31:08,-8.032231601287862,-0.9649051536521478,-2.7111055821903847,1
2026-06-26 12:31:09,1.0173181793361155,6.230243950682523,0.973077845164809,1
2026-06-26 12:31:10,-3.781753726421517,1.14580635669466,-3.5371193734794075,1
2026-06-26 12:31:11,-7.111268547988371,1.2901249415732088,3.5630381653846914,1
2026-06-26 12:31:12,-3.232864421212633,3.0908503620955265,-1.3938518918951792,1
2026-06-26 12:31:13,-5.407740018071975,0.7163674770795405,0.6034789676185179,1
2026-06-26 12:31:14,8.435708175362823,-0.7771264374621094,0.8498636146384264,1
2026-06-26 12:31:15,4.408198784747253,-0.5890495472549349,-0.776714921112232,1
2026-06-26 12:31:16,-0.03986320658308686,-0.21480377824219185,1.7600814044258242,1
2026-06-26 12:31:17,7.39972069445013,-0.11166670952952477,-1.4247109698675733,1
2026-06-26 12:31:18,0.38684153823809153,2.1828886309109397,2.6138918923717327,1
2026-06-26 12:31:19,-4.306421006641318,0.1558376574218983,-4.037939040740246,1
2026-06-26 12:31:20,7.6156203863482865,2.1979202316467377,0.3791387386392355,1
2026-06-26 12:31:21,2.6945502184232932,-0.24214974032574696,5.816786997174854,1
2026-06-26 12:31:22,-5.186230771632282,0.23590557094827178,-3.0009939738167244,1
2026-06-26 12:31:23,-0.9516933904180409,-5.9946020535963225,-2.0332349115745547,1
2026-06-26 12:31:24,-4.378091266923786,2.7489830241074444,1.5417235489767451,1
2026-06-26 12:31:25,-6.913998654821681,1.039465427693978,0.5387453458187939,1
2026-06-26 12:31:26,4.630887737658207,2.9940303295789565,1.0518902978206777,1
2026-06-26 12:31:27,9.547083202350652,-8.688766134581067,1.4675613904429905,1
2026-06-26 12:31:28,-6.992837869095706,6.265124114342182,1.9041644056853098,1
2026-06-26 12:31:29,2.8148461834528544,-0.4187688844655213,3.3290995258686698,1
2026-06-26 12:31:30,-3.2532128456091347,3.3245484502125495,1.2294559707855377,1
2026-06-26 12:31:31,-2.4356269188234805,-3.1197177813765924,-0.7237729638556274,1
2026-06-26 12:31:32,-2.9619696211943456,1.8383217151877091,2.017721103608194,1
2026-06-26 12:31:33,-4.31995384839908,-3.160246689520968,5.699645804685646,1
2026-06-26 12:31:34,0.24260813972413497,-1.8713068820874152,-0.3979012391477207,1
2026-06-26 12:31:35,-4.154750582055189,5.742094061600358,-2.9235879140119243,1
2026-06-26 12:31:36,1.352284128899194,-0.5720472022900398,3.3212420078609184,1
2026-06-26 12:31:37,-0.2511905472456848,0.6522986195391687,-0.36114349186079475,1
2026-06-26 12:31:38,-1.1947402343320488,2.6102031920662627,-6.518008638042108,1
2026-06-26 12:31:39,-4.53781831020799,1.487045663917814,2.5422650314512647,1
2026-06-26 12:31:40,-2.8838566528416636,0.45125671543072926,-1.6059845578617682,1
2026-06-26 12:31:41,3.77695612912878,1.0948830073986762,-0.2715998469124823,1
2026-06-26 12:31:42,2.5045859381219038,7.2102467557148255,0.9959409917070436,1
2026-06-26 12:31:43,-4.887776223992756,-0.17285639110075618,0.5714990393371993,1
2026-06-26 12:31:44,0.4966615271461294,0.6032971401449025,2.1283554514171183,1
2026-06-26 12:31:45,3.756935616858945,3.151963188022836,-1.30645911170953,1
2026-06-26 12:31:46,-8.347026405606858,3.3165777988739515,1.5393173945282481,1
2026-06-26 12:31:47,2.716800961899675,3.5610909166811404,-0.7786400327517515,1
2026-06-26 12:31:48,-3.3131187947292333,1.9161906660875538,2.216431442662509,1
2026-06-26 12:31:49,2.8529933429657968,-3.4290147381914506,1.8461024520391602,1
2026-06-26 12:31:50,-3.8162957827125843,4.900294596903288,-2.806316106133786,1
2026-06-26 12:31:51,-9.024410503322596,-3.439036179056064,3.257946348525097,1
2026-06-26 12:31:52,-8.137712189415813,0.9079063957170996,-1.607890335342144,1
2026-06-26 12:31:53,0.24042473330690997,-2.262827550058074,2.4241733948434354,1
2026-06-26 12:31:54,1.2986125086074094,-0.19241503977897761,1.101861940204022,1
2026-06-26 12:31:55,-4.521583125522043,0.9862872309104412,5.514551030385368,1
2026-06-26 12:31:56,3.1929622938868696,0.9640716463508192,-0.6703979471155564,1
2026-06-26 12:31:57,-8.3076003113448,1.2657622627058542,-1.0479503883545924,1
2026-06-26 12:31:58,-0.33039899323658284,4.841133807175941,-0.05825881766319783,1
2026-06-26 12:31:59,-6.055080998812283,1.3606029045419394,-0.9095393485028263,1
2026-06-26 12:32:00,-3.2591805390107957,-0.732469905871946,2.3998257058261503,1
2026-06-26 12:32:01,0.23699335658207007,2.892261504865072,-4.848931825309764,1
2026-06-26 12:32:02,-4.302066826419762,3.568411466773922,-3.161047257439062,1
2026-06-26 12:32:03,-1.9227777211491268,-3.6828234454109774,-3.2034087647375795,1
2026-06-26 12:32:04,5.031464046072203,1.7922002095495742,2.8509227759207274,1
2026-06-26 12:32:05,-2.884459347615744,2.103518226932695,5.131840117745776,1
2026-06-26 12:32:06,4.178460560325709,-0.8926905100799758,-0.3133476556124145,1
2026-06-26 12:32:07,-5.6485342732880905,4.127120439934858,-0.5064651695700318,1
2026-06-26 12:32:08,2.649020889576414,-0.45016676109758014,0.21015648933954414,1
2026-06-26 12:32:09,7.207843103289502,0.3767293604146268,3.485634907824571,1
2026-06-26 12:32:10,-12.358222500636447,-0.5192154728516089,-2.782059402571722,1
2026-06-26 12:32:11,-3.984476277352384,0.046737142744402604,0.7151069482043554,1
2026-06-26 12:32:12,2.8853606359027,-3.2888252606856057,2.925592889347289,1
2026-06-26 12:32:13,-1.0152269302149635,-4.3201526477828835,1.5032825098195357,1
2026-06-26 12:32:14,1.8557293668565442,4.783515189674917,0.5687448497962302,1
2026-06-26 12:32:15,-3.0199259335791027,-2.5408840449549834,3.0031382777014235,1
2026-06-26 12:32:16,0.4329489373644996,-2.9741770483689214,-8.109696878997712,1
2026-06-26 12:32:17,-0.7783861769603974,-6.460170340811144,2.0336259585927228,1
2026-06-26 12:32:18,5.838910308299036,-1.9168852430685066,-1.9622270493822715,1
2026-06-26 12:32:19,1.2721042165060656,-3.969269380222495,-5.4918986905693705,1
2026-06-26 12:32:20,1.6880133103760109,4.926045480409107,1.5336077985749421,1
2026-06-26 12:32:21,-2.059384830612337,3.0294512680279024,4.120975635488874,1
2026-06-26 12:32:22,-2.4380311203624676,-2.064451035533171,-0.4123455438830756,1
2026-06-26 12:32:23,-2.1627909390981044,6.757307416032926,2.8586236416088164,1
2026-06-26 12:32:24,1.9722607118914843,2.9452964609747827,4.836834773965936,1
2026-06-26 12:32:25,-2.104922404101315,-0.9744941505258673,3.944743360752142,1
2026-06-26 12:32:26,1.4488742844820646,-7.498217144620719,4.919893588114179,1
2026-06-26 12:32:27,10.377003993227195,6.872827717772225,2.2263824732156765,1
2026-06-26 12:32:28,4.355623517158461,-4.168717400290788,0.2263009167047784,1
2026-06-26 12:32:29,-1.6301176608392056,-4.936196240870675,-4.805897435691506,1
2026-06-26 12:32:30,6.006069610819724,3.0677112960289206,-0.7381874643898457,1
2026-06-26 12:32:31,-2.040376865107757,7.3192572190178184,-2.5297397859485753,1
2026-06-26 12:32:32,-10.19062267588927,4.152818455531555,6.512828152493441,1
2026-06-26 12:32:33,-5.040431554587021,1.6917273601570788,-0.5276574372970099,1
2026-06-26 12:32:34,-9.353959605129278,1.784263024995858,0.36961442035345704,1
2026-06-26 12:32:35,-1.7575674202065432,2.560246676340923,1.6544561281214025,1
2026-06-26 12:32:36,0.09209189594775849,2.2767857693602953,0.13080733911736117,1
2026-06-26 12:32:37,8.382186561376413,0.8435742719081274,5.085153121292259,1
2026-06-26 12:32:38,1.6346368688208133,0.3126033118556282,-1.8679480852033559,1
2026-06-26 12:32:39,-1.0955026440443212,-0.18777938369856723,0.5838223657117281,1
2026-06-26 12:32:40,4.1470279059174455,-2.261893766600029,-2.2274117570941447,1
2026-06-26 12:32:41,-11.055676545039425,-0.8420252306003222,-3.9600675336621176,1
2026-06-26 12:32:42,1.1780727905428297,-5.078870442586156,-1.8353072727158564,1
2026-06-26 12:32:43,3.854325969434834,-0.29501888038424967,-0.11111039114523606,1
2026-06-26 12:32:44,-7.392931228899208,-2.9657733214527524,-1.28790667355178,1
2026-06-26 12:32:45,5.718770216034645,-3.3107679516473127,-2.077262939621568,1
2026-06-26 12:32:46,1.6924820374720706,0.5396824534604354,-4.218952391015502,1
2026-06-26 12:32:47,-2.0764395695040063,4.176006859033798,-0.24931671788608428,1
2026-06-26 12:32:48,3.1639093305314243,2.754949818006939,-4.5141611220930065,1
2026-06-26 12:32:49,11.353464289021979,-4.711501810869531,2.2801678910688077,1
2026-06-26 12:32:50,0.9093312752924758,-2.9688844097110128,0.24731925880350986,1
2026-06-26 12:32:51,1.2411029315016804,2.8223135639646477,-4.372654498394792,1
2026-06-26 12:32:52,-2.2968044977012205,-2.947462180614929,-0.9276272311495903,1
2026-06-26 12:32:53,-4.249221847323959,-0.6738994499910738,-2.2564692167717495,1
2026-06-26 12:32:54,4.151679082721228,1.6501562970736556,0.9575235312575413,1
2026-06-26 12:32:55,-4.280419129544336,-2.905033364590906,4.021351338069434,1
2026-06-26 12:32:56,0.35783118609696235,0.3161265184378797,-5.625517408937234,1
2026-06-26 12:32:57,-2.3882872338255834,-4.002076484754613,0.3450782374422515,1
2026-06-26 12:32:58,2.3948991287319594,-1.804102931853641,-0.4803983866999212,1
2026-06-26 12:32:59,1.6683105264347415,0.9593458024276109,2.014020229351397,1
2026-06-26 12:33:00,5.187699721289496,-4.778981200595008,0.6395898847130674,1
2026-06-26 12:33:01,-2.550081994273735,1.321424213881197,-2.2559079952164574,1
2026-06-26 12:33:02,-1.3493746764668564,-0.05891339678004365,-0.9571618069998544,1
2026-06-26 12:33:03,-4.893818578911537,1.6574698632514433,-2.3880775704104673,1
2026-06-26 12:33:04,-2.221466300380558,0.6717424021939843,3.228021415795795,1
2026-06-26 12:33:05,1.886502465224261,4.092421289921533,0.06393494601582667,1
